Forest,Managed.Status,Trout.Status,Year,Stream.Length.km,Beaver.Colonies,Colonies.per.km,Prop.Aspen,Prop.Mixed.Aspen,Prop.Hardwoods,Prop.Conifers,Prop.Shrubs,Prop.Open,Prop.Non.Forest,Prop.All.Aspen,Dev.30yr.Mean Max.May.0,Dev.30yr.Mean Max.May.1,Dev.30yr.Mean Max.May.2,Dev.30yr.Mean Max.May.3,Dev.30.yr.PRISM.winter.DM.zero.days.0,Dev.30.yr.PRISM.winter.DM.zero.days.1,Dev.30.yr.PRISM.winter.DM.zero.days.2,PDSI.May.0,PDSI.June.July.0,PDSI.Aug.Sept.0,PDSI.May.Sept.0,PDSI.Aug.Oct.0,PDSI.May.1,PDSI.June.July.1,Drought.June.July.1,PDSI.Aug.Sept.1,PDSI.May.Sept.1,PDSI.Aug.Oct.1,PDSI.May.2,PDSI.June.July.2,PDSI.Aug.Sept.2,PDSI.May.Sept.2,PDSI.Aug.Oct.2,PDSI.May.3,PDSI.June.July.3,PDSI.Aug.Sept.3,PDSI.May.Sept.3,PDSI.Aug.Oct.3,COOP.winter.DM.cum.snow.mm.0,COOP.winter.DM.cum.snow.mm.1,COOP.winter.DM.cum.snow.mm.2,Dev.30yr.COOP.winter.DM.cum.snow.mm.0,Dev.30yr.COOP.winter.DM.cum.snow.mm.1,Dev.30yr.COOP.winter.DM.cum.snow.mm.2
Nicolet,Managed,Trout,1987,825.9932405,186,0.225183441,0.167100138,0.037909249,0.198350158,0.332085237,0.100606165,0.139733406,0.024215646,0.205009387,2.12,2.38,1.87,-1.85,-15.84,0.16,14.16,-1.81,-2.61,-2.77,-2.51,-2.65,1.89,1.76,0,1.96,1.87,2.26,2.15,1.94,3.31,2.53,3.55,1.47,1.49,1.47,1.48,1.86,891.33,1582,1881.67,-681.62,9.04,308.71
Nicolet,Managed,Trout,1988,825.9932405,187,0.226394104,0.167273038,0.038070422,0.198356887,0.331885777,0.100604051,0.139595041,0.024214783,0.20534346,4.41,2.12,2.38,1.87,9.16,-15.84,0.16,-2.26,-3.36,-3.39,-3.15,-3.28,-1.81,-2.61,0,-2.77,-2.51,-2.65,1.89,1.76,1.96,1.87,2.26,2.15,1.94,3.31,2.53,3.55,1446,891.33,1582,-126.96,-681.62,9.04
Nicolet,Managed,Trout,1989,825.9932405,153,0.18523154,0.168041363,0.038374229,0.198356887,0.33080081,0.100604051,0.139607876,0.024214783,0.206415592,0.31,4.41,2.12,2.38,15.16,9.16,-15.84,-1.35,-1.73,-2.87,-2.11,-2.88,-2.26,-3.36,1,-3.39,-3.15,-3.28,-1.81,-2.61,-2.77,-2.51,-2.65,1.89,1.76,1.96,1.87,2.26,1666.33,1446,891.33,93.38,-126.96,-681.62
Nicolet,Managed,Trout,1990,825.9932405,136,0.164650258,0.167970909,0.038524894,0.198369648,0.330643427,0.100604051,0.139672287,0.024214783,0.206495803,-1.7,0.31,4.41,2.12,6.16,15.16,9.16,0.89,2.24,2.6,2.11,2.69,-1.35,-1.73,0,-2.87,-2.11,-2.88,-2.26,-3.36,-3.39,-3.15,-3.28,-1.81,-2.61,-2.77,-2.51,-2.65,1229.67,1666.33,1446,-343.29,93.38,-126.96
Nicolet,Managed,Trout,1991,825.9932405,148,0.179178222,0.168902683,0.037898933,0.198330665,0.33037144,0.100604051,0.139677446,0.024214783,0.206801615,1.8,-1.7,0.31,4.41,8.16,6.16,15.16,2.93,2.59,2.09,2.46,2.33,0.89,2.24,0,2.6,2.11,2.69,-1.35,-1.73,-2.87,-2.11,-2.88,-2.26,-3.36,-3.39,-3.15,-3.28,1155,1229.67,1666.33,-417.96,-343.29,93.38
Nicolet,Managed,Trout,1992,825.9932405,141,0.170703576,0.172685726,0.038411439,0.199918192,0.324705554,0.100539059,0.139525246,0.024214783,0.211097165,1.64,1.8,-1.7,0.31,-1.84,8.16,6.16,2.73,1.71,1.87,1.98,1.88,2.93,2.59,0,2.09,2.46,2.33,0.89,2.24,2.6,2.11,2.69,-1.35,-1.73,-2.87,-2.11,-2.88,1306.33,1155,1229.67,-266.62,-417.96,-343.29
Nicolet,Managed,Trout,1993,825.9932405,122,0.147700967,0.172685726,0.038411439,0.199918192,0.324705554,0.100539059,0.139525246,0.024214783,0.211097165,-1.02,1.64,1.8,-1.7,8.16,-1.84,8.16,3.14,4.21,3.69,3.79,3.61,2.73,1.71,0,1.87,1.98,1.88,2.93,2.59,2.09,2.46,2.33,0.89,2.24,2.6,2.11,2.69,1065.33,1306.33,1155,-507.62,-266.62,-417.96
Nicolet,Managed,Trout,1994,825.9932405,112,0.13559433,0.169112175,0.037720384,0.198286801,0.330536558,0.100604051,0.139525246,0.024214783,0.20683256,1.25,-1.02,1.64,1.8,11.16,8.16,-1.84,-0.6,-0.24,0.87,0.13,1.04,3.14,4.21,0,3.69,3.79,3.61,2.73,1.71,1.87,1.98,1.88,2.93,2.59,2.09,2.46,2.33,1556.33,1065.33,1306.33,-16.62,-507.62,-266.62
Nicolet,Managed,Trout,1995,825.9932405,91,0.110170393,0.169103679,0.037728881,0.198286801,0.330536558,0.100604051,0.139525246,0.024214783,0.20683256,-0.77,1.25,-1.02,1.64,-5.84,11.16,8.16,0.49,-1.16,0.67,-0.1,1.03,-0.6,-0.24,0,0.87,0.13,1.04,3.14,4.21,3.69,3.79,3.61,2.73,1.71,1.87,1.98,1.88,1165.33,1556.33,1065.33,-407.62,-16.62,-507.62
Nicolet,Managed,Trout,1996,825.9932405,49,0.059322519,0.169522518,0.037728881,0.198250082,0.330154438,0.100604051,0.139525246,0.024214783,0.207251399,-2.31,-0.77,1.25,-1.02,23.16,-5.84,11.16,1.91,3.57,2.91,2.97,2.89,0.49,-1.16,0,0.67,-0.1,1.03,-0.6,-0.24,0.87,0.13,1.04,3.14,4.21,3.69,3.79,3.61,2277.33,1165.33,1556.33,704.38,-407.62,-16.62
Nicolet,Managed,Trout,1997,825.9932405,67,0.081114465,0.169565175,0.037728881,0.198207426,0.330154438,0.100604051,0.139525246,0.024214783,0.207294055,-4.63,-2.31,-0.77,1.25,-0.84,23.16,-5.84,0.33,0.16,0.79,0.44,0.82,1.91,3.57,0,2.91,2.97,2.89,0.49,-1.16,0.67,-0.1,1.03,-0.6,-0.24,0.87,0.13,1.04,2814.67,2277.33,1165.33,1241.71,704.38,-407.62
Nicolet,Managed,Trout,1998,825.9932405,36,0.043583892,0.169814639,0.038000832,0.198041319,0.329799129,0.100604051,0.139525246,0.024214783,0.207815472,4.4,-4.63,-2.31,-0.77,-24.84,-0.84,23.16,-1.17,-0.19,-1.6,-0.95,-1.72,0.33,0.16,0,0.79,0.44,0.82,1.91,3.57,2.91,2.97,2.89,0.49,-1.16,0.67,-0.1,1.03,1733.33,2814.67,2277.33,160.38,1241.71,704.38
Nicolet,Managed,Trout,1999,825.9932405,34,0.041162564,0.169979114,0.038000832,0.198041319,0.329634654,0.100604051,0.139525246,0.024214783,0.207979946,1.43,4.4,-4.63,-2.31,-2.84,-24.84,-0.84,0.46,1.68,-0.5,0.56,-0.73,-1.17,-0.19,0,-1.6,-0.95,-1.72,0.33,0.16,0.79,0.44,0.82,1.91,3.57,2.91,2.97,2.89,1840.67,1733.33,2814.67,267.71,160.38,1241.71
Nicolet,Managed,Trout,2000,825.9932405,42,0.050847874,0.169950264,0.038029682,0.198041319,0.329634654,0.100604051,0.139525246,0.024214783,0.207979946,1.04,1.43,4.4,-4.63,-0.84,-2.84,-24.84,-0.3,1.45,2.06,1.34,1.12,0.46,1.68,0,-0.5,0.56,-0.73,-1.17,-0.19,-1.6,-0.95,-1.72,0.33,0.16,0.79,0.44,0.82,1589.67,1840.67,1733.33,16.71,267.71,160.38
Nicolet,Managed,Trout,2001,825.9932405,35,0.042373228,0.169750577,0.038141513,0.198293104,0.329470725,0.100604051,0.139525246,0.024214783,0.20789209,0.88,1.04,1.43,4.4,6.16,-0.84,-2.84,0.63,0.54,0.47,0.53,0.48,-0.3,1.45,0,2.06,1.34,1.12,0.46,1.68,-0.5,0.56,-0.73,-1.17,-0.19,-1.6,-0.95,-1.72,1643,1589.67,1840.67,70.04,16.71,267.71
Nicolet,Managed,Trout,2002,825.9932405,29,0.035109246,0.169757446,0.038256331,0.198319376,0.329322766,0.100604051,0.139525246,0.024214783,0.208013778,-3.6,0.88,1.04,1.43,-25.84,6.16,-0.84,2.23,2.57,2.58,2.51,2.98,0.63,0.54,0,0.47,0.53,0.48,-0.3,1.45,2.06,1.34,1.12,0.46,1.68,-0.5,0.56,-0.73,1618.67,1643,1589.67,45.71,70.04,16.71
Nicolet,Managed,Trout,2003,825.9932405,30,0.03631991,0.169796988,0.038257524,0.198319376,0.329282032,0.100604051,0.139525246,0.024214783,0.208054512,-0.95,-3.6,0.88,1.04,14.16,-25.84,6.16,2.18,1.78,1.55,1.76,1.4,2.23,2.57,0,2.58,2.51,2.98,0.63,0.54,0.47,0.53,0.48,-0.3,1.45,2.06,1.34,1.12,1207,1618.67,1643,-365.96,45.71,70.04
Nicolet,Managed,Trout,2004,825.9932405,32,0.038741237,0.169982958,0.038322516,0.198319376,0.329096061,0.100539059,0.139525246,0.024214783,0.208305474,-2.42,-0.95,-3.6,0.88,-3.84,14.16,-25.84,3.02,1.56,-0.82,0.9,-0.17,2.18,1.78,0,1.55,1.76,1.4,2.23,2.57,2.58,2.51,2.98,0.63,0.54,0.47,0.53,0.48,2419,1207,1618.67,846.04,-365.96,45.71
Nicolet,Managed,Trout,2005,825.9932405,28,0.033898582,0.170082207,0.038322516,0.198220128,0.329096061,0.100539059,0.139525246,0.024214783,0.208404723,-2.39,-2.42,-0.95,-3.6,4.16,-3.84,14.16,-0.95,-1.44,-1.81,-1.49,-1.03,3.02,1.56,0,-0.82,0.9,-0.17,2.18,1.78,1.55,1.76,1.4,2.23,2.57,2.58,2.51,2.98,1976.67,2419,1207,403.71,846.04,-365.96
Nicolet,Managed,Trout,2006,825.9932405,25,0.030266592,0.170871415,0.038322516,0.200531717,0.325995264,0.100539059,0.139525246,0.024214783,0.209193931,-0.52,-2.39,-2.42,-0.95,-19.84,4.16,-3.84,0.86,-0.19,0.66,0.36,0.74,-0.95,-1.44,0,-1.81,-1.49,-1.03,3.02,1.56,-0.82,0.9,-0.17,2.18,1.78,1.55,1.76,1.4,2132,1976.67,2419,559.04,403.71,846.04
Nicolet,Managed,Trout,2007,825.9932405,17,0.020581282,0.171326008,0.038411439,0.200600635,0.325382829,0.100539059,0.139525246,0.024214783,0.209737447,2.04,-0.52,-2.39,-2.42,-5.84,-19.84,4.16,-1.03,-1.27,-2.26,-1.61,-1.15,0.86,-0.19,0,0.66,0.36,0.74,-0.95,-1.44,-1.81,-1.49,-1.03,3.02,1.56,-0.82,0.9,-0.17,1321,2132,1976.67,-251.96,559.04,403.71
Nicolet,Managed,Trout,2008,825.9932405,23,0.027845264,0.172250931,0.038411439,0.20062338,0.324435161,0.100539059,0.139525246,0.024214783,0.21066237,-1.76,2.04,-0.52,-2.39,11.16,-5.84,-19.84,1.43,1.48,-1.54,0.26,-1.76,-1.03,-1.27,0,-2.26,-1.61,-1.15,0.86,-0.19,0.66,0.36,0.74,-0.95,-1.44,-1.81,-1.49,-1.03,1555.67,1321,2132,-17.29,-251.96,559.04
Nicolet,Managed,Trout,2009,825.9932405,13,0.015738628,0.172685726,0.038411439,0.200233423,0.324390323,0.100539059,0.139525246,0.024214783,0.211097165,-0.89,-1.76,2.04,-0.52,25.16,11.16,-5.84,-0.58,-1.52,-2.09,-1.56,-0.88,1.43,1.48,0,-1.54,0.26,-1.76,-1.03,-1.27,-2.26,-1.61,-1.15,0.86,-0.19,0.66,0.36,0.74,1425.67,1555.67,1321,-147.29,-17.29,-251.96
Nicolet,Managed,Trout,2010,825.9932405,14,0.016949291,0.172685726,0.038411439,0.20007037,0.324553376,0.100539059,0.139525246,0.024214783,0.211097165,2.07,-0.89,-1.76,2.04,-16.84,25.16,11.16,-2.4,2.03,2.79,1.44,3.01,-0.58,-1.52,0,-2.09,-1.56,-0.88,1.43,1.48,-1.54,0.26,-1.76,-1.03,-1.27,-2.26,-1.61,-1.15,1179.33,1425.67,1555.67,-393.62,-147.29,-17.29
Nicolet,Managed,Trout,2011,825.9932405,11,0.0133173,0.172685726,0.038411439,0.199918192,0.324705554,0.100539059,0.139525246,0.024214783,0.211097165,-1.81,2.07,-0.89,-1.76,-0.84,-16.84,25.16,1.9,1.05,-0.58,0.57,-0.68,-2.4,2.03,0,2.79,1.44,3.01,-0.58,-1.52,-2.09,-1.56,-0.88,1.43,1.48,-1.54,0.26,-1.76,1719,1179.33,1425.67,146.04,-393.62,-147.29
Nicolet,Managed,Trout,2012,825.9932405,22,0.026634601,0.172685726,0.038411439,0.199918192,0.324705554,0.100539059,0.139525246,0.024214783,0.211097165,2.51,-1.81,2.07,-0.89,-20.84,-0.84,-16.84,-2.09,-1.62,-2,-1.86,-1.03,1.9,1.05,0,-0.58,0.57,-0.68,-2.4,2.03,2.79,1.44,3.01,-0.58,-1.52,-2.09,-1.56,-0.88,1362.33,1719,1179.33,-210.62,146.04,-393.62
Nicolet,Managed,Trout,2013,825.9932405,22,0.026634601,0.172685726,0.038411439,0.199918192,0.324705554,0.100539059,0.139525246,0.024214783,0.211097165,-0.02,2.51,-1.81,2.07,-4.84,-20.84,-0.84,1.48,1.86,1.99,1.84,1.99,-2.09,-1.62,0,-2,-1.86,-1.03,1.9,1.05,-0.58,0.57,-0.68,-2.4,2.03,2.79,1.44,3.01,1518.33,1362.33,1719,-54.62,-210.62,146.04
Nicolet,NonManaged,Trout,1987,752.9868466,149,0.197878623,0.180878153,0.033363889,0.264926933,0.275886443,0.089048927,0.124457213,0.031438441,0.214242042,2.12,2.38,1.87,-1.85,-15.84,0.16,14.16,-1.81,-2.61,-2.77,-2.51,-2.65,1.89,1.76,0,1.96,1.87,2.26,2.15,1.94,3.31,2.53,3.55,1.47,1.49,1.47,1.48,1.86,891.33,1582,1881.67,-681.62,9.04,308.71
Nicolet,NonManaged,Trout,1988,752.9868466,175,0.232407778,0.181630213,0.03306877,0.264850565,0.275388654,0.089048927,0.12457443,0.031438441,0.214698983,4.41,2.12,2.38,1.87,9.16,-15.84,0.16,-2.26,-3.36,-3.39,-3.15,-3.28,-1.81,-2.61,0,-2.77,-2.51,-2.65,1.89,1.76,1.96,1.87,2.26,2.15,1.94,3.31,2.53,3.55,1446,891.33,1582,-126.96,-681.62,9.04
Nicolet,NonManaged,Trout,1989,752.9868466,148,0.196550578,0.181761825,0.033344872,0.264679964,0.275126396,0.089048927,0.124599573,0.031438441,0.215106698,0.31,4.41,2.12,2.38,15.16,9.16,-15.84,-1.35,-1.73,-2.87,-2.11,-2.88,-2.26,-3.36,1,-3.39,-3.15,-3.28,-1.81,-2.61,-2.77,-2.51,-2.65,1.89,1.76,1.96,1.87,2.26,1666.33,1446,891.33,93.38,-126.96,-681.62
Nicolet,NonManaged,Trout,1990,752.9868466,137,0.181942089,0.181833822,0.033461744,0.265036626,0.274395336,0.089048927,0.124785103,0.031438441,0.215295566,-1.7,0.31,4.41,2.12,6.16,15.16,9.16,0.89,2.24,2.6,2.11,2.69,-1.35,-1.73,0,-2.87,-2.11,-2.88,-2.26,-3.36,-3.39,-3.15,-3.28,-1.81,-2.61,-2.77,-2.51,-2.65,1229.67,1666.33,1446,-343.29,93.38,-126.96
Nicolet,NonManaged,Trout,1991,752.9868466,164,0.217799289,0.181873145,0.033575633,0.265036626,0.274194677,0.089048927,0.124832551,0.031438441,0.215448778,1.8,-1.7,0.31,4.41,8.16,6.16,15.16,2.93,2.59,2.09,2.46,2.33,0.89,2.24,0,2.6,2.11,2.69,-1.35,-1.73,-2.87,-2.11,-2.88,-2.26,-3.36,-3.39,-3.15,-3.28,1155,1229.67,1666.33,-417.96,-343.29,93.38
Nicolet,NonManaged,Trout,1992,752.9868466,179,0.237719956,0.182843138,0.033629574,0.265306709,0.27290066,0.089048927,0.124832551,0.031438441,0.216472712,1.64,1.8,-1.7,0.31,-1.84,8.16,6.16,2.73,1.71,1.87,1.98,1.88,2.93,2.59,0,2.09,2.46,2.33,0.89,2.24,2.6,2.11,2.69,-1.35,-1.73,-2.87,-2.11,-2.88,1306.33,1155,1229.67,-266.62,-417.96,-343.29
Nicolet,NonManaged,Trout,1993,752.9868466,185,0.245688223,0.182843138,0.033629574,0.265306709,0.27290066,0.089048927,0.124832551,0.031438441,0.216472712,-1.02,1.64,1.8,-1.7,8.16,-1.84,8.16,3.14,4.21,3.69,3.79,3.61,2.73,1.71,0,1.87,1.98,1.88,2.93,2.59,2.09,2.46,2.33,0.89,2.24,2.6,2.11,2.69,1065.33,1306.33,1155,-507.62,-266.62,-417.96
Nicolet,NonManaged,Trout,1994,752.9868466,105,0.139444667,0.181723866,0.033629574,0.265069254,0.274257387,0.089048927,0.124832551,0.031438441,0.21535344,1.25,-1.02,1.64,1.8,11.16,8.16,-1.84,-0.6,-0.24,0.87,0.13,1.04,3.14,4.21,0,3.69,3.79,3.61,2.73,1.71,1.87,1.98,1.88,2.93,2.59,2.09,2.46,2.33,1556.33,1065.33,1306.33,-16.62,-507.62,-266.62
Nicolet,NonManaged,Trout,1995,752.9868466,120,0.159365334,0.181726846,0.033629574,0.265069254,0.274254407,0.089048927,0.124832551,0.031438441,0.21535642,-0.77,1.25,-1.02,1.64,-5.84,11.16,8.16,0.49,-1.16,0.67,-0.1,1.03,-0.6,-0.24,0,0.87,0.13,1.04,3.14,4.21,3.69,3.79,3.61,2.73,1.71,1.87,1.98,1.88,1165.33,1556.33,1065.33,-407.62,-16.62,-507.62
Nicolet,NonManaged,Trout,1996,752.9868466,66,0.087650933,0.181667559,0.033629574,0.265069254,0.274313694,0.089048927,0.124832551,0.031438441,0.215297133,-2.31,-0.77,1.25,-1.02,23.16,-5.84,11.16,1.91,3.57,2.91,2.97,2.89,0.49,-1.16,0,0.67,-0.1,1.03,-0.6,-0.24,0.87,0.13,1.04,3.14,4.21,3.69,3.79,3.61,2277.33,1165.33,1556.33,704.38,-407.62,-16.62
Nicolet,NonManaged,Trout,1997,752.9868466,90,0.119524,0.181718595,0.033629574,0.265069254,0.274262658,0.089048927,0.124832551,0.031438441,0.215348169,-4.63,-2.31,-0.77,1.25,-0.84,23.16,-5.84,0.33,0.16,0.79,0.44,0.82,1.91,3.57,0,2.91,2.97,2.89,0.49,-1.16,0.67,-0.1,1.03,-0.6,-0.24,0.87,0.13,1.04,2814.67,2277.33,1165.33,1241.71,704.38,-407.62
Nicolet,NonManaged,Trout,1998,752.9868466,81,0.1075716,0.181718595,0.033629574,0.265069254,0.274262658,0.089048927,0.124832551,0.031438441,0.215348169,4.4,-4.63,-2.31,-0.77,-24.84,-0.84,23.16,-1.17,-0.19,-1.6,-0.95,-1.72,0.33,0.16,0,0.79,0.44,0.82,1.91,3.57,2.91,2.97,2.89,0.49,-1.16,0.67,-0.1,1.03,1733.33,2814.67,2277.33,160.38,1241.71,704.38
Nicolet,NonManaged,Trout,1999,752.9868466,76,0.100931378,0.181733844,0.033629574,0.265069254,0.274247409,0.089048927,0.124832551,0.031438441,0.215363418,1.43,4.4,-4.63,-2.31,-2.84,-24.84,-0.84,0.46,1.68,-0.5,0.56,-0.73,-1.17,-0.19,0,-1.6,-0.95,-1.72,0.33,0.16,0.79,0.44,0.82,1.91,3.57,2.91,2.97,2.89,1840.67,1733.33,2814.67,267.71,160.38,1241.71
Nicolet,NonManaged,Trout,2000,752.9868466,93,0.123508134,0.181733844,0.033629574,0.265069254,0.274247409,0.089048927,0.124832551,0.031438441,0.215363418,1.04,1.43,4.4,-4.63,-0.84,-2.84,-24.84,-0.3,1.45,2.06,1.34,1.12,0.46,1.68,0,-0.5,0.56,-0.73,-1.17,-0.19,-1.6,-0.95,-1.72,0.33,0.16,0.79,0.44,0.82,1589.67,1840.67,1733.33,16.71,267.71,160.38
Nicolet,NonManaged,Trout,2001,752.9868466,25,0.033201111,0.182056971,0.033629574,0.264746127,0.274247409,0.089048927,0.124832551,0.031438441,0.215686545,0.88,1.04,1.43,4.4,6.16,-0.84,-2.84,0.63,0.54,0.47,0.53,0.48,-0.3,1.45,0,2.06,1.34,1.12,0.46,1.68,-0.5,0.56,-0.73,-1.17,-0.19,-1.6,-0.95,-1.72,1643,1589.67,1840.67,70.04,16.71,267.71
Nicolet,NonManaged,Trout,2002,752.9868466,49,0.065074178,0.181798213,0.033629574,0.265043981,0.274208313,0.089048927,0.124832551,0.031438441,0.215427787,-3.6,0.88,1.04,1.43,-25.84,6.16,-0.84,2.23,2.57,2.58,2.51,2.98,0.63,0.54,0,0.47,0.53,0.48,-0.3,1.45,2.06,1.34,1.12,0.46,1.68,-0.5,0.56,-0.73,1618.67,1643,1589.67,45.71,70.04,16.71
Nicolet,NonManaged,Trout,2003,752.9868466,73,0.096947245,0.18193064,0.033629574,0.264878952,0.274240915,0.089048927,0.124832551,0.031438441,0.215560214,-0.95,-3.6,0.88,1.04,14.16,-25.84,6.16,2.18,1.78,1.55,1.76,1.4,2.23,2.57,0,2.58,2.51,2.98,0.63,0.54,0.47,0.53,0.48,-0.3,1.45,2.06,1.34,1.12,1207,1618.67,1643,-365.96,45.71,70.04
Nicolet,NonManaged,Trout,2004,752.9868466,59,0.078354622,0.182019886,0.033629263,0.264878558,0.274148262,0.089050124,0.124834599,0.031439308,0.21564915,-2.42,-0.95,-3.6,0.88,-3.84,14.16,-25.84,3.02,1.56,-0.82,0.9,-0.17,2.18,1.78,0,1.55,1.76,1.4,2.23,2.57,2.58,2.51,2.98,0.63,0.54,0.47,0.53,0.48,2419,1207,1618.67,846.04,-365.96,45.71
Nicolet,NonManaged,Trout,2005,752.9868466,62,0.082338756,0.182111216,0.033629263,0.264824359,0.274111131,0.089050124,0.124834599,0.031439308,0.21574048,-2.39,-2.42,-0.95,-3.6,4.16,-3.84,14.16,-0.95,-1.44,-1.81,-1.49,-1.03,3.02,1.56,0,-0.82,0.9,-0.17,2.18,1.78,1.55,1.76,1.4,2.23,2.57,2.58,2.51,2.98,1976.67,2419,1207,403.71,846.04,-365.96
Nicolet,NonManaged,Trout,2006,752.9868466,56,0.074370489,0.18270254,0.033629263,0.265306276,0.27303789,0.089050124,0.124834599,0.031439308,0.216331804,-0.52,-2.39,-2.42,-0.95,-19.84,4.16,-3.84,0.86,-0.19,0.66,0.36,0.74,-0.95,-1.44,0,-1.81,-1.49,-1.03,3.02,1.56,-0.82,0.9,-0.17,2.18,1.78,1.55,1.76,1.4,2132,1976.67,2419,559.04,403.71,846.04
Nicolet,NonManaged,Trout,2007,752.9868466,59,0.078354622,0.18270254,0.033629263,0.265306276,0.27303789,0.089050124,0.124834599,0.031439308,0.216331804,2.04,-0.52,-2.39,-2.42,-5.84,-19.84,4.16,-1.03,-1.27,-2.26,-1.61,-1.15,0.86,-0.19,0,0.66,0.36,0.74,-0.95,-1.44,-1.81,-1.49,-1.03,3.02,1.56,-0.82,0.9,-0.17,1321,2132,1976.67,-251.96,559.04,403.71
Nicolet,NonManaged,Trout,2008,752.9868466,48,0.063746133,0.182841729,0.033629263,0.265306276,0.272898701,0.089050124,0.124834599,0.031439308,0.216470993,-1.76,2.04,-0.52,-2.39,11.16,-5.84,-19.84,1.43,1.48,-1.54,0.26,-1.76,-1.03,-1.27,0,-2.26,-1.61,-1.15,0.86,-0.19,0.66,0.36,0.74,-0.95,-1.44,-1.81,-1.49,-1.03,1555.67,1321,2132,-17.29,-251.96,559.04
Nicolet,NonManaged,Trout,2009,752.9868466,33,0.043825467,0.182841729,0.033629263,0.265306276,0.272898701,0.089050124,0.124834599,0.031439308,0.216470993,-0.89,-1.76,2.04,-0.52,25.16,11.16,-5.84,-0.58,-1.52,-2.09,-1.56,-0.88,1.43,1.48,0,-1.54,0.26,-1.76,-1.03,-1.27,-2.26,-1.61,-1.15,0.86,-0.19,0.66,0.36,0.74,1425.67,1555.67,1321,-147.29,-17.29,-251.96
Nicolet,NonManaged,Trout,2010,752.9868466,41,0.054449822,0.182841729,0.033629263,0.265306276,0.272898701,0.089050124,0.124834599,0.031439308,0.216470993,2.07,-0.89,-1.76,2.04,-16.84,25.16,11.16,-2.4,2.03,2.79,1.44,3.01,-0.58,-1.52,0,-2.09,-1.56,-0.88,1.43,1.48,-1.54,0.26,-1.76,-1.03,-1.27,-2.26,-1.61,-1.15,1179.33,1425.67,1555.67,-393.62,-147.29,-17.29
Nicolet,NonManaged,Trout,2011,752.9868466,39,0.051793733,0.182841729,0.033629263,0.265306276,0.272898701,0.089050124,0.124834599,0.031439308,0.216470993,-1.81,2.07,-0.89,-1.76,-0.84,-16.84,25.16,1.9,1.05,-0.58,0.57,-0.68,-2.4,2.03,0,2.79,1.44,3.01,-0.58,-1.52,-2.09,-1.56,-0.88,1.43,1.48,-1.54,0.26,-1.76,1719,1179.33,1425.67,146.04,-393.62,-147.29
Nicolet,NonManaged,Trout,2012,752.9868466,56,0.074370489,0.182841729,0.033827974,0.265107566,0.272898701,0.089050124,0.124834599,0.031439308,0.216669703,2.51,-1.81,2.07,-0.89,-20.84,-0.84,-16.84,-2.09,-1.62,-2,-1.86,-1.03,1.9,1.05,0,-0.58,0.57,-0.68,-2.4,2.03,2.79,1.44,3.01,-0.58,-1.52,-2.09,-1.56,-0.88,1362.33,1719,1179.33,-210.62,146.04,-393.62
Nicolet,NonManaged,Trout,2013,752.9868466,40,0.053121778,0.182841729,0.033827974,0.265107566,0.272898701,0.089050124,0.124834599,0.031439308,0.216669703,-0.02,2.51,-1.81,2.07,-4.84,-20.84,-0.84,1.48,1.86,1.99,1.84,1.99,-2.09,-1.62,0,-2,-1.86,-1.03,1.9,1.05,-0.58,0.57,-0.68,-2.4,2.03,2.79,1.44,3.01,1518.33,1362.33,1719,-54.62,-210.62,146.04
Nicolet,NonManaged,NonTrout,1987,285.7520052,60,0.20997228,0.151675728,0.02415193,0.254997064,0.300893385,0.089172824,0.133023318,0.046085751,0.175827658,2.12,2.38,1.87,-1.85,-15.84,0.16,14.16,-1.81,-2.61,-2.77,-2.51,-2.65,1.89,1.76,0,1.96,1.87,2.26,2.15,1.94,3.31,2.53,3.55,1.47,1.49,1.47,1.48,1.86,891.33,1582,1881.67,-681.62,9.04,308.71
Nicolet,NonManaged,NonTrout,1988,285.7520052,47,0.164478286,0.151073576,0.024932542,0.255606706,0.29928477,0.089172824,0.133843832,0.046085751,0.176006118,4.41,2.12,2.38,1.87,9.16,-15.84,0.16,-2.26,-3.36,-3.39,-3.15,-3.28,-1.81,-2.61,0,-2.77,-2.51,-2.65,1.89,1.76,1.96,1.87,2.26,2.15,1.94,3.31,2.53,3.55,1446,891.33,1582,-126.96,-681.62,9.04
Nicolet,NonManaged,NonTrout,1989,285.7520052,64,0.223970432,0.151375665,0.025077418,0.255159741,0.29928477,0.089172824,0.133843832,0.046085751,0.176453083,0.31,4.41,2.12,2.38,15.16,9.16,-15.84,-1.35,-1.73,-2.87,-2.11,-2.88,-2.26,-3.36,1,-3.39,-3.15,-3.28,-1.81,-2.61,-2.77,-2.51,-2.65,1.89,1.76,1.96,1.87,2.26,1666.33,1446,891.33,93.38,-126.96,-681.62
Nicolet,NonManaged,NonTrout,1990,285.7520052,46,0.160978748,0.151375665,0.025077418,0.255159741,0.299127603,0.089172824,0.134000998,0.046085751,0.176453083,-1.7,0.31,4.41,2.12,6.16,15.16,9.16,0.89,2.24,2.6,2.11,2.69,-1.35,-1.73,0,-2.87,-2.11,-2.88,-2.26,-3.36,-3.39,-3.15,-3.28,-1.81,-2.61,-2.77,-2.51,-2.65,1229.67,1666.33,1446,-343.29,93.38,-126.96
Nicolet,NonManaged,NonTrout,1991,285.7520052,67,0.234469046,0.151301299,0.025077418,0.254875478,0.299414099,0.089262337,0.133983619,0.046085751,0.176378716,1.8,-1.7,0.31,4.41,8.16,6.16,15.16,2.93,2.59,2.09,2.46,2.33,0.89,2.24,0,2.6,2.11,2.69,-1.35,-1.73,-2.87,-2.11,-2.88,-2.26,-3.36,-3.39,-3.15,-3.28,1155,1229.67,1666.33,-417.96,-343.29,93.38
Nicolet,NonManaged,NonTrout,1992,285.7520052,64,0.223970432,0.151877382,0.024005994,0.255856281,0.298902065,0.089262337,0.134010192,0.046085751,0.175883376,1.64,1.8,-1.7,0.31,-1.84,8.16,6.16,2.73,1.71,1.87,1.98,1.88,2.93,2.59,0,2.09,2.46,2.33,0.89,2.24,2.6,2.11,2.69,-1.35,-1.73,-2.87,-2.11,-2.88,1306.33,1155,1229.67,-266.62,-417.96,-343.29
Nicolet,NonManaged,NonTrout,1993,285.7520052,71,0.248467198,0.151877382,0.024005994,0.255856281,0.298902065,0.089262337,0.134010192,0.046085751,0.175883376,-1.02,1.64,1.8,-1.7,8.16,-1.84,8.16,3.14,4.21,3.69,3.79,3.61,2.73,1.71,0,1.87,1.98,1.88,2.93,2.59,2.09,2.46,2.33,0.89,2.24,2.6,2.11,2.69,1065.33,1306.33,1155,-507.62,-266.62,-417.96
Nicolet,NonManaged,NonTrout,1994,285.7520052,52,0.181975976,0.152116382,0.025012761,0.254777807,0.29873477,0.089262337,0.134010192,0.046085751,0.177129143,1.25,-1.02,1.64,1.8,11.16,8.16,-1.84,-0.6,-0.24,0.87,0.13,1.04,3.14,4.21,0,3.69,3.79,3.61,2.73,1.71,1.87,1.98,1.88,2.93,2.59,2.09,2.46,2.33,1556.33,1065.33,1306.33,-16.62,-507.62,-266.62
Nicolet,NonManaged,NonTrout,1995,285.7520052,45,0.15747921,0.152327438,0.025012761,0.254777807,0.298523714,0.089262337,0.134010192,0.046085751,0.177340199,-0.77,1.25,-1.02,1.64,-5.84,11.16,8.16,0.49,-1.16,0.67,-0.1,1.03,-0.6,-0.24,0,0.87,0.13,1.04,3.14,4.21,3.69,3.79,3.61,2.73,1.71,1.87,1.98,1.88,1165.33,1556.33,1065.33,-407.62,-16.62,-507.62
Nicolet,NonManaged,NonTrout,1996,285.7520052,31,0.108485678,0.152259083,0.025012761,0.254777807,0.298592069,0.089262337,0.134010192,0.046085751,0.177271844,-2.31,-0.77,1.25,-1.02,23.16,-5.84,11.16,1.91,3.57,2.91,2.97,2.89,0.49,-1.16,0,0.67,-0.1,1.03,-0.6,-0.24,0.87,0.13,1.04,3.14,4.21,3.69,3.79,3.61,2277.33,1165.33,1556.33,704.38,-407.62,-16.62
Nicolet,NonManaged,NonTrout,1997,285.7520052,43,0.150480134,0.152614045,0.024657799,0.254777807,0.298592069,0.089262337,0.134010192,0.046085751,0.177271844,-4.63,-2.31,-0.77,1.25,-0.84,23.16,-5.84,0.33,0.16,0.79,0.44,0.82,1.91,3.57,0,2.91,2.97,2.89,0.49,-1.16,0.67,-0.1,1.03,-0.6,-0.24,0.87,0.13,1.04,2814.67,2277.33,1165.33,1241.71,704.38,-407.62
Nicolet,NonManaged,NonTrout,1998,285.7520052,19,0.066491222,0.153343977,0.024414541,0.254777807,0.298105396,0.089262337,0.134010192,0.046085751,0.177758517,4.4,-4.63,-2.31,-0.77,-24.84,-0.84,23.16,-1.17,-0.19,-1.6,-0.95,-1.72,0.33,0.16,0,0.79,0.44,0.82,1.91,3.57,2.91,2.97,2.89,0.49,-1.16,0.67,-0.1,1.03,1733.33,2814.67,2277.33,160.38,1241.71,704.38
Nicolet,NonManaged,NonTrout,1999,285.7520052,34,0.118984292,0.153343977,0.024414541,0.254777807,0.298105396,0.089262337,0.134010192,0.046085751,0.177758517,1.43,4.4,-4.63,-2.31,-2.84,-24.84,-0.84,0.46,1.68,-0.5,0.56,-0.73,-1.17,-0.19,0,-1.6,-0.95,-1.72,0.33,0.16,0.79,0.44,0.82,1.91,3.57,2.91,2.97,2.89,1840.67,1733.33,2814.67,267.71,160.38,1241.71
Nicolet,NonManaged,NonTrout,2000,285.7520052,27,0.094487526,0.153831006,0.024191209,0.254777807,0.297841699,0.089262337,0.134010192,0.046085751,0.178022215,1.04,1.43,4.4,-4.63,-0.84,-2.84,-24.84,-0.3,1.45,2.06,1.34,1.12,0.46,1.68,0,-0.5,0.56,-0.73,-1.17,-0.19,-1.6,-0.95,-1.72,0.33,0.16,0.79,0.44,0.82,1589.67,1840.67,1733.33,16.71,267.71,160.38
Nicolet,NonManaged,NonTrout,2001,285.7520052,9,0.031495842,0.153145338,0.024191209,0.25473151,0.298573663,0.089262337,0.134010192,0.046085751,0.177336547,0.88,1.04,1.43,4.4,6.16,-0.84,-2.84,0.63,0.54,0.47,0.53,0.48,-0.3,1.45,0,2.06,1.34,1.12,0.46,1.68,-0.5,0.56,-0.73,-1.17,-0.19,-1.6,-0.95,-1.72,1643,1589.67,1840.67,70.04,16.71,267.71
Nicolet,NonManaged,NonTrout,2002,285.7520052,22,0.076989836,0.152325392,0.024191209,0.255551456,0.298573663,0.089262337,0.134010192,0.046085751,0.176516601,-3.6,0.88,1.04,1.43,-25.84,6.16,-0.84,2.23,2.57,2.58,2.51,2.98,0.63,0.54,0,0.47,0.53,0.48,-0.3,1.45,2.06,1.34,1.12,0.46,1.68,-0.5,0.56,-0.73,1618.67,1643,1589.67,45.71,70.04,16.71
Nicolet,NonManaged,NonTrout,2003,285.7520052,24,0.083988912,0.152652614,0.023863987,0.255551456,0.298573663,0.089262337,0.134010192,0.046085751,0.176516601,-0.95,-3.6,0.88,1.04,14.16,-25.84,6.16,2.18,1.78,1.55,1.76,1.4,2.23,2.57,0,2.58,2.51,2.98,0.63,0.54,0.47,0.53,0.48,-0.3,1.45,2.06,1.34,1.12,1207,1618.67,1643,-365.96,45.71,70.04
Nicolet,NonManaged,NonTrout,2004,285.7520052,26,0.090987988,0.152652614,0.023863987,0.255551456,0.298573663,0.089262337,0.134010192,0.046085751,0.176516601,-2.42,-0.95,-3.6,0.88,-3.84,14.16,-25.84,3.02,1.56,-0.82,0.9,-0.17,2.18,1.78,0,1.55,1.76,1.4,2.23,2.57,2.58,2.51,2.98,0.63,0.54,0.47,0.53,0.48,2419,1207,1618.67,846.04,-365.96,45.71
Nicolet,NonManaged,NonTrout,2005,285.7520052,23,0.080489374,0.152652614,0.023863987,0.255551456,0.298573663,0.089262337,0.134010192,0.046085751,0.176516601,-2.39,-2.42,-0.95,-3.6,4.16,-3.84,14.16,-0.95,-1.44,-1.81,-1.49,-1.03,3.02,1.56,0,-0.82,0.9,-0.17,2.18,1.78,1.55,1.76,1.4,2.23,2.57,2.58,2.51,2.98,1976.67,2419,1207,403.71,846.04,-365.96
Nicolet,NonManaged,NonTrout,2006,285.7520052,30,0.10498614,0.152652614,0.023863987,0.255683599,0.298441521,0.089262337,0.134010192,0.046085751,0.176516601,-0.52,-2.39,-2.42,-0.95,-19.84,4.16,-3.84,0.86,-0.19,0.66,0.36,0.74,-0.95,-1.44,0,-1.81,-1.49,-1.03,3.02,1.56,-0.82,0.9,-0.17,2.18,1.78,1.55,1.76,1.4,2132,1976.67,2419,559.04,403.71,846.04
Nicolet,NonManaged,NonTrout,2007,285.7520052,24,0.083988912,0.152652614,0.023863987,0.255683599,0.298441521,0.089262337,0.134010192,0.046085751,0.176516601,2.04,-0.52,-2.39,-2.42,-5.84,-19.84,4.16,-1.03,-1.27,-2.26,-1.61,-1.15,0.86,-0.19,0,0.66,0.36,0.74,-0.95,-1.44,-1.81,-1.49,-1.03,3.02,1.56,-0.82,0.9,-0.17,1321,2132,1976.67,-251.96,559.04,403.71
Nicolet,NonManaged,NonTrout,2008,285.7520052,23,0.080489374,0.151877382,0.024002975,0.255856281,0.298905083,0.089262337,0.134010192,0.046085751,0.175880357,-1.76,2.04,-0.52,-2.39,11.16,-5.84,-19.84,1.43,1.48,-1.54,0.26,-1.76,-1.03,-1.27,0,-2.26,-1.61,-1.15,0.86,-0.19,0.66,0.36,0.74,-0.95,-1.44,-1.81,-1.49,-1.03,1555.67,1321,2132,-17.29,-251.96,559.04
Nicolet,NonManaged,NonTrout,2009,285.7520052,17,0.059492146,0.151877382,0.024005994,0.255856281,0.298902065,0.089262337,0.134010192,0.046085751,0.175883376,-0.89,-1.76,2.04,-0.52,25.16,11.16,-5.84,-0.58,-1.52,-2.09,-1.56,-0.88,1.43,1.48,0,-1.54,0.26,-1.76,-1.03,-1.27,-2.26,-1.61,-1.15,0.86,-0.19,0.66,0.36,0.74,1425.67,1555.67,1321,-147.29,-17.29,-251.96
Nicolet,NonManaged,NonTrout,2010,285.7520052,17,0.059492146,0.151877382,0.024005994,0.255856281,0.298902065,0.089262337,0.134010192,0.046085751,0.175883376,2.07,-0.89,-1.76,2.04,-16.84,25.16,11.16,-2.4,2.03,2.79,1.44,3.01,-0.58,-1.52,0,-2.09,-1.56,-0.88,1.43,1.48,-1.54,0.26,-1.76,-1.03,-1.27,-2.26,-1.61,-1.15,1179.33,1425.67,1555.67,-393.62,-147.29,-17.29
Nicolet,NonManaged,NonTrout,2011,285.7520052,16,0.055992608,0.151877382,0.024005994,0.255856281,0.298902065,0.089262337,0.134010192,0.046085751,0.175883376,-1.81,2.07,-0.89,-1.76,-0.84,-16.84,25.16,1.9,1.05,-0.58,0.57,-0.68,-2.4,2.03,0,2.79,1.44,3.01,-0.58,-1.52,-2.09,-1.56,-0.88,1.43,1.48,-1.54,0.26,-1.76,1719,1179.33,1425.67,146.04,-393.62,-147.29
Nicolet,NonManaged,NonTrout,2012,285.7520052,17,0.059492146,0.151942981,0.024005994,0.255856281,0.298836466,0.089262337,0.134010192,0.046085751,0.175948974,2.51,-1.81,2.07,-0.89,-20.84,-0.84,-16.84,-2.09,-1.62,-2,-1.86,-1.03,1.9,1.05,0,-0.58,0.57,-0.68,-2.4,2.03,2.79,1.44,3.01,-0.58,-1.52,-2.09,-1.56,-0.88,1362.33,1719,1179.33,-210.62,146.04,-393.62
Nicolet,NonManaged,NonTrout,2013,285.7520052,14,0.048993532,0.151942981,0.024005994,0.255856281,0.298836466,0.089262337,0.134010192,0.046085751,0.175948974,-0.02,2.51,-1.81,2.07,-4.84,-20.84,-0.84,1.48,1.86,1.99,1.84,1.99,-2.09,-1.62,0,-2,-1.86,-1.03,1.9,1.05,-0.58,0.57,-0.68,-2.4,2.03,2.79,1.44,3.01,1518.33,1362.33,1719,-54.62,-210.62,146.04
Chequamegon,Managed,Trout,1997,164.7716552,36,0.21848418,0.272832526,0.036887165,0.252798641,0.164094816,0.168107741,0.103924617,0.001354494,0.309719691,-4.22,-2.09,-0.79,1.05,1.50,16.67,-3.75,-0.38,-0.38,-0.04,-0.24,-0.03,2.01,2.48,0,1.7,2.07,1.94,-0.09,-0.44,1.21,0.29,1.63,-0.9,-1.01,-0.01,-0.59,0.25,3091.04,2581.43,1031.72,1391.67,882.06,-667.65
Chequamegon,Managed,Trout,1998,164.7716552,36,0.21848418,0.272934033,0.036887165,0.252798641,0.16399331,0.168107741,0.103924617,0.001354494,0.309821198,4.52,-4.22,-2.09,-0.79,-25.10,1.50,16.67,-1.16,-1.13,-2.35,-1.62,-2.47,-0.38,-0.38,0,-0.04,-0.24,-0.03,2.01,2.48,1.7,2.07,1.94,-0.09,-0.44,1.21,0.29,1.63,1294.22,3091.04,2581.43,-405.15,1391.67,882.06
Chequamegon,Managed,Trout,1999,164.7716552,36,0.21848418,0.273746775,0.036887165,0.252798641,0.163180567,0.168107741,0.103924617,0.001354494,0.31063394,1.52,4.52,-4.22,-2.09,-5.29,-25.10,1.50,0.78,1.6,0.79,1.11,0.37,-1.16,-1.13,0,-2.35,-1.62,-2.47,-0.38,-0.38,-0.04,-0.24,-0.03,2.01,2.48,1.7,2.07,1.94,1812.87,1294.22,3091.04,113.5,-405.15,1391.67
Chequamegon,Managed,Trout,2000,167.5066378,23,0.137307992,0.272857835,0.0362306,0.250175761,0.162054645,0.17297897,0.104371806,0.001330385,0.309088434,1.14,1.52,4.52,-4.22,-2.22,-5.29,-25.10,-0.87,0.86,0.16,0.23,-0.17,0.78,1.6,0,0.79,1.11,0.37,-1.16,-1.13,-2.35,-1.62,-2.47,-0.38,-0.38,-0.04,-0.24,-0.03,1470.29,1812.87,1294.22,-229.08,113.5,-405.15
Chequamegon,Managed,Trout,2001,167.5066378,15,0.08954869,0.272857835,0.0362306,0.250175761,0.162054645,0.17297897,0.104371806,0.001330385,0.309088434,0.74,1.14,1.52,4.52,15.18,-2.22,-5.29,3.05,2.11,1.24,1.95,1.22,-0.87,0.86,0,0.16,0.23,-0.17,0.78,1.6,0.79,1.11,0.37,-1.16,-1.13,-2.35,-1.62,-2.47,2354.66,1470.29,1812.87,655.29,-229.08,113.5
Chequamegon,Managed,Trout,2002,167.5066378,27,0.161187642,0.272857835,0.035542873,0.250175761,0.162742371,0.17297897,0.104371806,0.001330385,0.308400708,-3.25,0.74,1.14,1.52,-13.60,15.18,-2.22,2.61,2.47,3.07,2.74,3.57,3.05,2.11,0,1.24,1.95,1.22,-0.87,0.86,0.16,0.23,-0.17,0.78,1.6,0.79,1.11,0.37,2375.54,2354.66,1470.29,676.17,655.29,-229.08
Chequamegon,Managed,Trout,2003,167.5066378,16,0.095518603,0.27270484,0.035542873,0.250328756,0.162742371,0.17297897,0.104371806,0.001330385,0.308247713,-0.1,-3.25,0.74,1.14,13.56,-13.60,15.18,1.67,0.54,-1.57,-0.08,-1.74,2.61,2.47,0,3.07,2.74,3.57,3.05,2.11,1.24,1.95,1.22,-0.87,0.86,0.16,0.23,-0.17,1489.08,2375.54,2354.66,-210.29,676.17,655.29
Chequamegon,Managed,Trout,2004,167.5066378,16,0.095518603,0.274213109,0.035542873,0.250328756,0.161234101,0.17297897,0.104371806,0.001330385,0.309755983,-2.6,-0.1,-3.25,0.74,-8.13,13.56,-13.60,1.84,0.58,0.28,0.71,0.58,1.67,0.54,0,-1.57,-0.08,-1.74,2.61,2.47,3.07,2.74,3.57,3.05,2.11,1.24,1.95,1.22,1993.72,1489.08,2375.54,294.36,-210.29,676.17
Chequamegon,Managed,Trout,2005,167.5066378,17,0.101488515,0.274213109,0.035542873,0.250328756,0.161234101,0.17297897,0.104371806,0.001330385,0.309755983,-2.56,-2.6,-0.1,-3.25,4.45,-8.13,13.56,-1.16,-1.22,-2.45,-1.7,-1.16,1.84,0.58,0,0.28,0.71,0.58,1.67,0.54,-1.57,-0.08,-1.74,2.61,2.47,3.07,2.74,3.57,1699.63,1993.72,1489.08,0.26,294.36,-210.29
Chequamegon,Managed,Trout,2006,167.5066378,17,0.101488515,0.274213109,0.035542873,0.251542984,0.160019872,0.17297897,0.104371806,0.001330385,0.309755983,-0.19,-2.56,-2.6,-0.1,-13.76,4.45,-8.13,-1.09,-2.14,-2.39,-2.03,-2.5,-1.16,-1.22,0,-2.45,-1.7,-1.16,1.84,0.58,0.28,0.71,0.58,1.67,0.54,-1.57,-0.08,-1.74,2054.87,1699.63,1993.72,355.51,0.26,294.36
Chequamegon,Managed,Trout,2007,167.5066378,17,0.101488515,0.274213109,0.035542873,0.251542984,0.160019872,0.17297897,0.104371806,0.001330385,0.309755983,2.16,-0.19,-2.56,-2.6,-3.71,-13.76,4.45,-2.64,-3.46,-2.28,-2.82,-0.93,-1.09,-2.14,0,-2.39,-2.03,-2.5,-1.16,-1.22,-2.45,-1.7,-1.16,1.84,0.58,0.28,0.71,0.58,1547.77,2054.87,1699.63,-151.6,355.51,0.26
Chequamegon,Managed,Trout,2008,167.5066378,5,0.029849563,0.274213719,0.035542873,0.251542375,0.160019872,0.17297897,0.104371806,0.001330385,0.309756592,-1.83,2.16,-0.19,-2.56,10.17,-3.71,-13.76,1.6,0.35,-1.29,-0.06,-1.28,-2.64,-3.46,1,-2.28,-2.82,-0.93,-1.09,-2.14,-2.39,-2.03,-2.5,-1.16,-1.22,-2.45,-1.7,-1.16,1243.6,1547.77,2054.87,-455.77,-151.6,355.51
Chequamegon,Managed,Trout,2009,167.5066378,12,0.071638952,0.274213719,0.035542873,0.251542375,0.160019872,0.17297897,0.104371806,0.001330385,0.309756592,0.03,-1.83,2.16,-0.19,19.22,10.17,-3.71,-1.73,-2.41,-2.71,-2.39,-2.3,1.6,0.35,0,-1.29,-0.06,-1.28,-2.64,-3.46,-2.28,-2.82,-0.93,-1.09,-2.14,-2.39,-2.03,-2.5,1547.9,1243.6,1547.77,-151.47,-455.77,-151.6
Chequamegon,Managed,Trout,2010,167.5066378,16,0.095518603,0.274213719,0.035542873,0.251542375,0.160019872,0.17297897,0.104371806,0.001330385,0.309756592,1.69,0.03,-1.83,2.16,-5.00,19.22,10.17,-2.83,1.43,3.18,1.28,3.4,-1.73,-2.41,0,-2.71,-2.39,-2.3,1.6,0.35,-1.29,-0.06,-1.28,-2.64,-3.46,-2.28,-2.82,-0.93,1767.1,1547.9,1243.6,67.73,-151.47,-455.77
Chequamegon,Managed,Trout,2011,167.5066378,13,0.077608865,0.274423966,0.035542873,0.251542375,0.159809626,0.17297897,0.104371806,0.001330385,0.309966839,-1.85,1.69,0.03,-1.83,-3.94,-5.00,19.22,1.72,1.59,0.5,1.18,-0.07,-2.83,1.43,0,3.18,1.28,3.4,-1.73,-2.41,-2.71,-2.39,-2.3,1.6,0.35,-1.29,-0.06,-1.28,1941.05,1767.1,1547.9,241.68,67.73,-151.47
Chequamegon,Managed,Trout,2012,167.5066378,25,0.149247817,0.274423966,0.035542873,0.251542375,0.159809626,0.17297897,0.104371806,0.001330385,0.309966839,1.94,-1.85,1.69,0.03,-26.52,-3.94,-5.00,0.36,-0.09,-2.17,-0.83,-1.95,1.72,1.59,0,0.5,1.18,-0.07,-2.83,1.43,3.18,1.28,3.4,-1.73,-2.41,-2.71,-2.39,-2.3,1576.26,1941.05,1767.1,-123.11,241.68,67.73
Chequamegon,Managed,Trout,2013,167.5066378,13,0.077608865,0.274423966,0.035542873,0.251542375,0.159809626,0.17297897,0.104371806,0.001330385,0.309966839,-1.53,1.94,-1.85,1.69,-2.86,-26.52,-3.94,2.93,1.61,-0.55,1.01,-0.36,0.36,-0.09,0,-2.17,-0.83,-1.95,1.72,1.59,0.5,1.18,-0.07,-2.83,1.43,3.18,1.28,3.4,1616.47,1576.26,1941.05,-82.9,-123.11,241.68
Chequamegon,NonManaged,Trout,1997,243.3114661,49,0.201387961,0.220526683,0.054601524,0.239854662,0.19498994,0.156290071,0.124829855,0.008907264,0.275128207,-4.22,-2.09,-0.79,1.05,1.50,16.67,-3.75,-0.38,-0.38,-0.04,-0.24,-0.03,2.01,2.48,0,1.7,2.07,1.94,-0.09,-0.44,1.21,0.29,1.63,-0.9,-1.01,-0.01,-0.59,0.25,3091.04,2581.43,1031.72,1391.67,882.06,-667.65
Chequamegon,NonManaged,Trout,1998,243.3114661,60,0.246597503,0.220526683,0.054601524,0.239854662,0.19498994,0.156290071,0.124829855,0.008907264,0.275128207,4.52,-4.22,-2.09,-0.79,-25.10,1.50,16.67,-1.16,-1.13,-2.35,-1.62,-2.47,-0.38,-0.38,0,-0.04,-0.24,-0.03,2.01,2.48,1.7,2.07,1.94,-0.09,-0.44,1.21,0.29,1.63,1294.22,3091.04,2581.43,-405.15,1391.67,882.06
Chequamegon,NonManaged,Trout,1999,243.3114661,74,0.30413692,0.221234881,0.054601525,0.239854661,0.194281743,0.156290071,0.124829856,0.008907264,0.275836406,1.52,4.52,-4.22,-2.09,-5.29,-25.10,1.50,0.78,1.6,0.79,1.11,0.37,-1.16,-1.13,0,-2.35,-1.62,-2.47,-0.38,-0.38,-0.04,-0.24,-0.03,2.01,2.48,1.7,2.07,1.94,1812.87,1294.22,3091.04,113.5,-405.15,1391.67
Chequamegon,NonManaged,Trout,2000,259.9152243,70,0.269318583,0.221928089,0.053036103,0.231848414,0.18935233,0.162733034,0.130931701,0.010170329,0.274964191,1.14,1.52,4.52,-4.22,-2.22,-5.29,-25.10,-0.87,0.86,0.16,0.23,-0.17,0.78,1.6,0,0.79,1.11,0.37,-1.16,-1.13,-2.35,-1.62,-2.47,-0.38,-0.38,-0.04,-0.24,-0.03,1470.29,1812.87,1294.22,-229.08,113.5,-405.15
Chequamegon,NonManaged,Trout,2001,259.9152243,53,0.203912642,0.221928089,0.053036103,0.231848414,0.18935233,0.162733034,0.130931701,0.010170329,0.274964191,0.74,1.14,1.52,4.52,15.18,-2.22,-5.29,3.05,2.11,1.24,1.95,1.22,-0.87,0.86,0,0.16,0.23,-0.17,0.78,1.6,0.79,1.11,0.37,-1.16,-1.13,-2.35,-1.62,-2.47,2354.66,1470.29,1812.87,655.29,-229.08,113.5
Chequamegon,NonManaged,Trout,2002,264.9338354,62,0.234020694,0.222350463,0.051976934,0.240586009,0.185707856,0.16013618,0.12848388,0.010758678,0.274327397,-3.25,0.74,1.14,1.52,-13.60,15.18,-2.22,2.61,2.47,3.07,2.74,3.57,3.05,2.11,0,1.24,1.95,1.22,-0.87,0.86,0.16,0.23,-0.17,0.78,1.6,0.79,1.11,0.37,2375.54,2354.66,1470.29,676.17,655.29,-229.08
Chequamegon,NonManaged,Trout,2003,259.9152243,52,0.200065233,0.22224948,0.053036103,0.231848414,0.189030938,0.162733034,0.130931701,0.010170329,0.275285583,-0.1,-3.25,0.74,1.14,13.56,-13.60,15.18,1.67,0.54,-1.57,-0.08,-1.74,2.61,2.47,0,3.07,2.74,3.57,3.05,2.11,1.24,1.95,1.22,-0.87,0.86,0.16,0.23,-0.17,1489.08,2375.54,2354.66,-210.29,676.17,655.29
Chequamegon,NonManaged,Trout,2004,259.9152243,61,0.234691908,0.22224948,0.053036103,0.231848414,0.189030938,0.162733034,0.130931701,0.010170329,0.275285583,-2.6,-0.1,-3.25,0.74,-8.13,13.56,-13.60,1.84,0.58,0.28,0.71,0.58,1.67,0.54,0,-1.57,-0.08,-1.74,2.61,2.47,3.07,2.74,3.57,3.05,2.11,1.24,1.95,1.22,1993.72,1489.08,2375.54,294.36,-210.29,676.17
Chequamegon,NonManaged,Trout,2005,259.9152243,56,0.215454867,0.22224948,0.053036103,0.231848414,0.189030938,0.162733034,0.130931701,0.010170329,0.275285583,-2.56,-2.6,-0.1,-3.25,4.45,-8.13,13.56,-1.16,-1.22,-2.45,-1.7,-1.16,1.84,0.58,0,0.28,0.71,0.58,1.67,0.54,-1.57,-0.08,-1.74,2.61,2.47,3.07,2.74,3.57,1699.63,1993.72,1489.08,0.26,294.36,-210.29
Chequamegon,NonManaged,Trout,2006,259.9152243,58,0.223149683,0.22224948,0.053036103,0.231848414,0.189030938,0.162733034,0.130931701,0.010170329,0.275285583,-0.19,-2.56,-2.6,-0.1,-13.76,4.45,-8.13,-1.09,-2.14,-2.39,-2.03,-2.5,-1.16,-1.22,0,-2.45,-1.7,-1.16,1.84,0.58,0.28,0.71,0.58,1.67,0.54,-1.57,-0.08,-1.74,2054.87,1699.63,1993.72,355.51,0.26,294.36
Chequamegon,NonManaged,Trout,2007,264.9338354,56,0.21137353,0.222665436,0.051976934,0.240586009,0.185392883,0.16013618,0.12848388,0.010758678,0.27464237,2.16,-0.19,-2.56,-2.6,-3.71,-13.76,4.45,-2.64,-3.46,-2.28,-2.82,-0.93,-1.09,-2.14,0,-2.39,-2.03,-2.5,-1.16,-1.22,-2.45,-1.7,-1.16,1.84,0.58,0.28,0.71,0.58,1547.77,2054.87,1699.63,-151.6,355.51,0.26
Chequamegon,NonManaged,Trout,2008,264.9338354,30,0.11323582,0.222665436,0.051976934,0.240586009,0.185392883,0.16013618,0.12848388,0.010758678,0.27464237,-1.83,2.16,-0.19,-2.56,10.17,-3.71,-13.76,1.6,0.35,-1.29,-0.06,-1.28,-2.64,-3.46,1,-2.28,-2.82,-0.93,-1.09,-2.14,-2.39,-2.03,-2.5,-1.16,-1.22,-2.45,-1.7,-1.16,1243.6,1547.77,2054.87,-455.77,-151.6,355.51
Chequamegon,NonManaged,Trout,2009,259.9152243,52,0.200065233,0.22224948,0.053036103,0.231848414,0.189030938,0.162733034,0.130931701,0.010170329,0.275285583,0.03,-1.83,2.16,-0.19,19.22,10.17,-3.71,-1.73,-2.41,-2.71,-2.39,-2.3,1.6,0.35,0,-1.29,-0.06,-1.28,-2.64,-3.46,-2.28,-2.82,-0.93,-1.09,-2.14,-2.39,-2.03,-2.5,1547.9,1243.6,1547.77,-151.47,-455.77,-151.6
Chequamegon,NonManaged,Trout,2010,264.9338354,63,0.237795221,0.222665436,0.051976934,0.240586009,0.185392883,0.16013618,0.12848388,0.010758678,0.27464237,1.69,0.03,-1.83,2.16,-5.00,19.22,10.17,-2.83,1.43,3.18,1.28,3.4,-1.73,-2.41,0,-2.71,-2.39,-2.3,1.6,0.35,-1.29,-0.06,-1.28,-2.64,-3.46,-2.28,-2.82,-0.93,1767.1,1547.9,1243.6,67.73,-151.47,-455.77
Chequamegon,NonManaged,Trout,2011,259.9152243,69,0.265471175,0.22224948,0.053036103,0.231848414,0.189030938,0.162733034,0.130931701,0.010170329,0.275285583,-1.85,1.69,0.03,-1.83,-3.94,-5.00,19.22,1.72,1.59,0.5,1.18,-0.07,-2.83,1.43,0,3.18,1.28,3.4,-1.73,-2.41,-2.71,-2.39,-2.3,1.6,0.35,-1.29,-0.06,-1.28,1941.05,1767.1,1547.9,241.68,67.73,-151.47
Chequamegon,NonManaged,Trout,2012,259.9152243,69,0.265471175,0.22224948,0.053036103,0.231848414,0.189030938,0.162733034,0.130931701,0.010170329,0.275285583,1.94,-1.85,1.69,0.03,-26.52,-3.94,-5.00,0.36,-0.09,-2.17,-0.83,-1.95,1.72,1.59,0,0.5,1.18,-0.07,-2.83,1.43,3.18,1.28,3.4,-1.73,-2.41,-2.71,-2.39,-2.3,1576.26,1941.05,1767.1,-123.11,241.68,67.73
Chequamegon,NonManaged,Trout,2013,259.9152243,58,0.223149683,0.221595535,0.053690048,0.231848414,0.189030938,0.162733034,0.130931701,0.010170329,0.275285583,-1.53,1.94,-1.85,1.69,-2.86,-26.52,-3.94,2.93,1.61,-0.55,1.01,-0.36,0.36,-0.09,0,-2.17,-0.83,-1.95,1.72,1.59,0.5,1.18,-0.07,-2.83,1.43,3.18,1.28,3.4,1616.47,1576.26,1941.05,-82.9,-123.11,241.68
Chequamegon,NonManaged,NonTrout,1997,519.5571141,90,0.173224459,0.157179666,0.028037879,0.255500353,0.210205239,0.149426687,0.189838377,0.009811799,0.185217545,-4.22,-2.09,-0.79,1.05,1.50,16.67,-3.75,-0.38,-0.38,-0.04,-0.24,-0.03,2.01,2.48,0,1.7,2.07,1.94,-0.09,-0.44,1.21,0.29,1.63,-0.9,-1.01,-0.01,-0.59,0.25,3091.04,2581.43,1031.72,1391.67,882.06,-667.65
Chequamegon,NonManaged,NonTrout,1998,519.5571141,100,0.192471621,0.157746948,0.027802139,0.255296745,0.210077305,0.149426687,0.189838377,0.009811799,0.185549086,4.52,-4.22,-2.09,-0.79,-25.10,1.50,16.67,-1.16,-1.13,-2.35,-1.62,-2.47,-0.38,-0.38,0,-0.04,-0.24,-0.03,2.01,2.48,1.7,2.07,1.94,-0.09,-0.44,1.21,0.29,1.63,1294.22,3091.04,2581.43,-405.15,1391.67,882.06
Chequamegon,NonManaged,NonTrout,1999,562.0898228,110,0.19569826,0.152460287,0.030540682,0.237503942,0.219481922,0.146540213,0.20438159,0.009091362,0.183000969,1.52,4.52,-4.22,-2.09,-5.29,-25.10,1.50,0.78,1.6,0.79,1.11,0.37,-1.16,-1.13,0,-2.35,-1.62,-2.47,-0.38,-0.38,-0.04,-0.24,-0.03,2.01,2.48,1.7,2.07,1.94,1812.87,1294.22,3091.04,113.5,-405.15,1391.67
Chequamegon,NonManaged,NonTrout,2000,591.1184361,134,0.22668892,0.153689223,0.029280416,0.2443725,0.213682079,0.145675528,0.204329689,0.008970565,0.182969639,1.14,1.52,4.52,-4.22,-2.22,-5.29,-25.10,-0.87,0.86,0.16,0.23,-0.17,0.78,1.6,0,0.79,1.11,0.37,-1.16,-1.13,-2.35,-1.62,-2.47,-0.38,-0.38,-0.04,-0.24,-0.03,1470.29,1812.87,1294.22,-229.08,113.5,-405.15
Chequamegon,NonManaged,NonTrout,2001,662.0742013,122,0.184269376,0.156386491,0.026420185,0.262926606,0.198892436,0.152596461,0.19403753,0.00874029,0.182806676,0.74,1.14,1.52,4.52,15.18,-2.22,-5.29,3.05,2.11,1.24,1.95,1.22,-0.87,0.86,0,0.16,0.23,-0.17,0.78,1.6,0.79,1.11,0.37,-1.16,-1.13,-2.35,-1.62,-2.47,2354.66,1470.29,1812.87,655.29,-229.08,113.5
Chequamegon,NonManaged,NonTrout,2002,662.0742013,112,0.169165329,0.157071301,0.025554717,0.262926606,0.199073095,0.152596461,0.19403753,0.00874029,0.182626018,-3.25,0.74,1.14,1.52,-13.60,15.18,-2.22,2.61,2.47,3.07,2.74,3.57,3.05,2.11,0,1.24,1.95,1.22,-0.87,0.86,0.16,0.23,-0.17,0.78,1.6,0.79,1.11,0.37,2375.54,2354.66,1470.29,676.17,655.29,-229.08
Chequamegon,NonManaged,NonTrout,2003,662.0742013,98,0.148019663,0.157086965,0.025539053,0.262926606,0.199073095,0.152596461,0.19403753,0.00874029,0.182626018,-0.1,-3.25,0.74,1.14,13.56,-13.60,15.18,1.67,0.54,-1.57,-0.08,-1.74,2.61,2.47,0,3.07,2.74,3.57,3.05,2.11,1.24,1.95,1.22,-0.87,0.86,0.16,0.23,-0.17,1489.08,2375.54,2354.66,-210.29,676.17,655.29
Chequamegon,NonManaged,NonTrout,2004,662.0742013,99,0.149530067,0.156550241,0.025539053,0.263463506,0.199072918,0.152596461,0.19403753,0.00874029,0.182089294,-2.6,-0.1,-3.25,0.74,-8.13,13.56,-13.60,1.84,0.58,0.28,0.71,0.58,1.67,0.54,0,-1.57,-0.08,-1.74,2.61,2.47,3.07,2.74,3.57,3.05,2.11,1.24,1.95,1.22,1993.72,1489.08,2375.54,294.36,-210.29,676.17
Chequamegon,NonManaged,NonTrout,2005,662.0742013,128,0.193331804,0.156969794,0.025495147,0.263531333,0.198813135,0.15241277,0.19403753,0.00874029,0.182464941,-2.56,-2.6,-0.1,-3.25,4.45,-8.13,13.56,-1.16,-1.22,-2.45,-1.7,-1.16,1.84,0.58,0,0.28,0.71,0.58,1.67,0.54,-1.57,-0.08,-1.74,2.61,2.47,3.07,2.74,3.57,1699.63,1993.72,1489.08,0.26,294.36,-210.29
Chequamegon,NonManaged,NonTrout,2006,662.0742013,108,0.16312371,0.156979373,0.025495147,0.263521754,0.198813135,0.15241277,0.19403753,0.00874029,0.182474521,-0.19,-2.56,-2.6,-0.1,-13.76,4.45,-8.13,-1.09,-2.14,-2.39,-2.03,-2.5,-1.16,-1.22,0,-2.45,-1.7,-1.16,1.84,0.58,0.28,0.71,0.58,1.67,0.54,-1.57,-0.08,-1.74,2054.87,1699.63,1993.72,355.51,0.26,294.36
Chequamegon,NonManaged,NonTrout,2007,662.0742013,113,0.170675734,0.157660829,0.025495147,0.263521754,0.198131679,0.15241277,0.19403753,0.00874029,0.183155976,2.16,-0.19,-2.56,-2.6,-3.71,-13.76,4.45,-2.64,-3.46,-2.28,-2.82,-0.93,-1.09,-2.14,0,-2.39,-2.03,-2.5,-1.16,-1.22,-2.45,-1.7,-1.16,1.84,0.58,0.28,0.71,0.58,1547.77,2054.87,1699.63,-151.6,355.51,0.26
Chequamegon,NonManaged,NonTrout,2008,662.0742013,71,0.107238735,0.157818699,0.025495147,0.263496121,0.197999442,0.15241277,0.19403753,0.00874029,0.183313846,-1.83,2.16,-0.19,-2.56,10.17,-3.71,-13.76,1.6,0.35,-1.29,-0.06,-1.28,-2.64,-3.46,1,-2.28,-2.82,-0.93,-1.09,-2.14,-2.39,-2.03,-2.5,-1.16,-1.22,-2.45,-1.7,-1.16,1243.6,1547.77,2054.87,-455.77,-151.6,355.51
Chequamegon,NonManaged,NonTrout,2009,662.0742013,102,0.154061282,0.158078678,0.025495147,0.263236142,0.197999442,0.15241277,0.19403753,0.00874029,0.183573825,0.03,-1.83,2.16,-0.19,19.22,10.17,-3.71,-1.73,-2.41,-2.71,-2.39,-2.3,1.6,0.35,0,-1.29,-0.06,-1.28,-2.64,-3.46,-2.28,-2.82,-0.93,-1.09,-2.14,-2.39,-2.03,-2.5,1547.9,1243.6,1547.77,-151.47,-455.77,-151.6
Chequamegon,NonManaged,NonTrout,2010,662.0742013,104,0.157082091,0.158572943,0.025495147,0.263236142,0.197505177,0.15241277,0.19403753,0.00874029,0.18406809,1.69,0.03,-1.83,2.16,-5.00,19.22,10.17,-2.83,1.43,3.18,1.28,3.4,-1.73,-2.41,0,-2.71,-2.39,-2.3,1.6,0.35,-1.29,-0.06,-1.28,-2.64,-3.46,-2.28,-2.82,-0.93,1767.1,1547.9,1243.6,67.73,-151.47,-455.77
Chequamegon,NonManaged,NonTrout,2011,662.0742013,122,0.184269376,0.159126239,0.025495147,0.26288001,0.197611523,0.152109261,0.19403753,0.00874029,0.184621387,-1.85,1.69,0.03,-1.83,-3.94,-5.00,19.22,1.72,1.59,0.5,1.18,-0.07,-2.83,1.43,0,3.18,1.28,3.4,-1.73,-2.41,-2.71,-2.39,-2.3,1.6,0.35,-1.29,-0.06,-1.28,1941.05,1767.1,1547.9,241.68,67.73,-151.47
Chequamegon,NonManaged,NonTrout,2012,662.0742013,138,0.208435852,0.160417179,0.024443956,0.26288001,0.197371775,0.152109261,0.19403753,0.00874029,0.184861135,1.94,-1.85,1.69,0.03,-26.52,-3.94,-5.00,0.36,-0.09,-2.17,-0.83,-1.95,1.72,1.59,0,0.5,1.18,-0.07,-2.83,1.43,3.18,1.28,3.4,-1.73,-2.41,-2.71,-2.39,-2.3,1576.26,1941.05,1767.1,-123.11,241.68,67.73
Chequamegon,NonManaged,NonTrout,2013,662.0742013,109,0.164634115,0.160452677,0.024408458,0.26288001,0.197371775,0.152109261,0.19403753,0.00874029,0.184861135,-1.53,1.94,-1.85,1.69,-2.86,-26.52,-3.94,2.93,1.61,-0.55,1.01,-0.36,0.36,-0.09,0,-2.17,-0.83,-1.95,1.72,1.59,0.5,1.18,-0.07,-2.83,1.43,3.18,1.28,3.4,1616.47,1576.26,1941.05,-82.9,-123.11,241.68
